[
    {
        "model": "nexong.family",
        "pk": 1,
        "fields": {
            "name": "Familia Enriquez"
        }
    },
    {
        "model": "nexong.family",
        "pk": 2,
        "fields": {
            "name": "Familia Gomez"
        }
    },
    {
        "model": "nexong.family",
        "pk": 3,
        "fields": {
            "name": "Familia Fernandez"
        }
    },
    {
        "model": "nexong.family",
        "pk": 4,
        "fields": {
            "name": "Familia Moreno"
        }
    },
    {
        "model": "nexong.educationcenter",
        "pk": 1,
        "fields": {
            "name": "Doctrina Cristiana Reina Mercedes"
        }
    },
    {
        "model": "nexong.educationcenter",
        "pk": 2,
        "fields": {
            "name": "Claret Reina Mercedes"
        }
    },
    {
        "model": "nexong.student",
        "pk": 1,
        "fields": {
            "name": "Emilio",
            "surname": "Enriquez",
            "education_center": 1,
            "is_morning_student": true,
            "activities_during_exit": "",
            "status": "ACEPTADO",
            "current_education_year": "TRES AÑOS",
            "education_center_tutor": "Don Carlos Perez",
            "enrollment_document": "student_enrollment\\student_enrollment.txt",
            "scanned_sanitary_card": "student_sanitary\\student_sanitary.txt",
            "nationality" : "España",
            "birthdate" : "2021-04-13",
            "family":1,
            "avatar": "student_avatar\\student_avatar.png"
            }
    },
    {
        "model": "nexong.student",
        "pk": 2,
        "fields": {
            "name": "Francisco",
            "surname": "Enriquez",
            "education_center": 1,
            "is_morning_student": false,
            "activities_during_exit": "",
            "status": "ACEPTADO",
            "current_education_year": "CUARTO PRIMARIA",
            "education_center_tutor": "Don Carlos Perez",
            "enrollment_document": "student_enrollment\\student_enrollment.txt",
            "scanned_sanitary_card": "student_sanitary\\student_sanitary.txt",
            "nationality" : "España",
            "birthdate" : "2014-11-22",
            "family":1,
            "avatar": "student_avatar\\student_avatar.png"
            }
    },
    {
        "model": "nexong.student",
        "pk": 3,
        "fields": {
            "name": "Alberto",
            "surname": "García",
            "education_center": 2,
            "is_morning_student": true,
            "activities_during_exit": "",
            "status": "ACEPTADO",
            "current_education_year": "TRES AÑOS",
            "education_center_tutor": "Mikel Durruti",
            "enrollment_document": "student_enrollment\\student_enrollment.txt",
            "scanned_sanitary_card": "student_sanitary\\student_sanitary.txt",
            "nationality" : "Francia",
            "birthdate" : "2021-5-12",
            "family":2,
            "avatar": "student_avatar\\student_avatar.png"
            }
    },
    {
        "model": "nexong.student",
        "pk": 4,
        "fields": {
            "name": "Felipe",
            "surname": "Gomez",
            "education_center": 2,
            "is_morning_student": true,
            "activities_during_exit": "",
            "status": "ACEPTADO",
            "current_education_year": "SEGUNDO SECUNDARIA",
            "education_center_tutor": "Mikel Durruti",
            "enrollment_document": "student_enrollment\\student_enrollment.txt",
            "scanned_sanitary_card": "student_sanitary\\student_sanitary.txt",
            "nationality" : "España",
            "birthdate" : "2010-2-17",
            "family":2,
            "avatar": "student_avatar\\student_avatar.png"
            }
    },
    {
        "model": "nexong.student",
        "pk": 5,
        "fields": {
            "name": "Jaime",
            "surname": "Gomez",
            "education_center": 2,
            "is_morning_student": true,
            "activities_during_exit": "",
            "status": "ACEPTADO",
            "current_education_year": "SEGUNDO SECUNDARIA",
            "education_center_tutor": "Mikel Durruti",
            "enrollment_document": "student_enrollment\\student_enrollment.txt",
            "scanned_sanitary_card": "student_sanitary\\student_sanitary.txt",
            "nationality" : "España",
            "birthdate" : "2010-2-17",
            "family":2,
            "avatar": "student_avatar\\student_avatar.png"
            }
    },
    {
        "model": "nexong.student",
        "pk": 6,
        "fields": {
            "name": "Emilio",
            "surname": "Fernandez",
            "education_center": 1,
            "is_morning_student": true,
            "activities_during_exit": "",
            "status": "ACEPTADO",
            "current_education_year": "TRES AÑOS",
            "education_center_tutor": "Don Carlos Perez",
            "enrollment_document": "student_enrollment\\student_enrollment.txt",
            "scanned_sanitary_card": "student_sanitary\\student_sanitary.txt",
            "nationality" : "España",
            "birthdate" : "2020-1-1",
            "family":3,
            "avatar": "student_avatar\\student_avatar.png"
            }
    },
    {
        "model": "nexong.student",
        "pk": 7,
        "fields": {
            "name": "Antonio",
            "surname": "Fernandez",
            "education_center": 1,
            "is_morning_student": false,
            "activities_during_exit": "",
            "status": "ACEPTADO",
            "current_education_year": "SEXTO PRIMARIA",
            "education_center_tutor": "Don Carlos Perez",
            "enrollment_document": "student_enrollment\\student_enrollment.txt",
            "scanned_sanitary_card": "student_sanitary\\student_sanitary.txt",
            "nationality" : "España",
            "birthdate" : "2012-10-21",
            "family":3,
            "avatar": "student_avatar\\student_avatar.png"
            }
    },
    {
        "model": "nexong.student",
        "pk": 8,
        "fields": {
            "name": "Unai",
            "surname": "Moreno",
            "education_center": 2,
            "is_morning_student": false,
            "activities_during_exit": "",
            "status": "ACEPTADO",
            "current_education_year": "SEXTO PRIMARIA",
            "education_center_tutor": "Mikel Durruti",
            "enrollment_document": "student_enrollment\\student_enrollment.txt",
            "scanned_sanitary_card": "student_sanitary\\student_sanitary.txt",
            "nationality" : "España",
            "birthdate" : "2012-9-21",
            "family":4,
            "avatar": "student_avatar\\student_avatar.png"
            }
    },
    {
        "model": "nexong.student",
        "pk": 9,
        "fields" : {
            "name": "Jacinto",
            "surname" : "Moreno",
            "education_center": 2,
            "is_morning_student": false,
            "activities_during_exit": "",
            "status": "PENDIENTE",
            "current_education_year": "CUARTO PRIMARIA",
            "education_center_tutor": "Mikel Durruti",
            "enrollment_document": "student_enrollment\\student_enrollment.txt",
            "scanned_sanitary_card": "student_sanitary\\student_sanitary.txt",
            "nationality" : "España",
            "birthdate" : "2014-2-8",
            "family":4,
            "avatar": "student_avatar\\student_avatar.png"
            }
    },
    {
        "model": "nexong.student",
        "pk": 10,
        "fields" : {
            "name": "Alonso",
            "surname" : "Moreno",
            "education_center": 2,
            "is_morning_student": false,
            "activities_during_exit": "",
            "status": "RECHAZADO",
            "current_education_year": "PRIMERO SECUNDARIA",
            "education_center_tutor": "Mikel Durruti",
            "enrollment_document": "student_enrollment\\student_enrollment.txt",
            "scanned_sanitary_card": "student_sanitary\\student_sanitary.txt",
            "nationality" : "España",
            "birthdate" : "2011-2-22",
            "family":4,
            "avatar": "student_avatar\\student_avatar.png"
            }
    },
    {
        "model": "nexong.quartermarks",
        "pk": 1,
        "fields": {
            "date": "2024-01-21",
            "marks" : "quarter_marks\\quarter_marks.txt",
            "student": 1
        }
    },
    {
        "model": "nexong.quartermarks",
        "pk": 2,
        "fields": {
            "date": "2024-01-21",
            "marks" : "quarter_marks\\quarter_marks.txt",
            "student": 3
        }
    },
    {
        "model": "nexong.quartermarks",
        "pk": 3,
        "fields": {
            "date": "2024-01-21",
            "marks" : "quarter_marks\\quarter_marks.txt",
            "student": 6
        }
    },
    {
        "model": "nexong.partner",
        "pk": 1,
        "fields": {
            "description": "Soy de la zona y me gusta colaborar con la asociación. He participado en varias actividades de la asociación.",
            "address": "Insulinde 11",
            "enrollment_document":"partner_enrollment\\partner_enrollment.txt",
            "birthdate": "1956-07-05"
        }
    },
    {
        "model": "nexong.partner",
        "pk": 2,
        "fields": {
            "description": "Socio con gran implicación en la asociación. He colaborado en varias ocasiones en eventos y actividades de la asociación.",
            "address": "Katia 13",
            "enrollment_document":"partner_enrollment\\partner_enrollment.txt",
            "birthdate": "1973-03-05"
        }
    },
    {
        "model": "nexong.partner",
        "pk": 3,
        "fields": {
            "description": "Socio con cinco años de antigüedad en la asociación. Colaboro en la organización de eventos de la asociación.",
            "address": "Graad 26",
            "enrollment_document":"partner_enrollment\\partner_enrollment.txt",
            "birthdate": "1981-01-23"
        }
    },
    {
        "model": "nexong.partner",
        "pk": 4,
        "fields": {
            "description": "Socio con un año de antigüedad en la asociación. Colaboro en la organización de eventos de la asociación.",
            "address": "Ilinaara 48",
            "enrollment_document":"partner_enrollment\\partner_enrollment.txt",
            "birthdate": "1986-03-28"
        }
    },
    {
        "model": "nexong.donation",
        "pk": 1,
        "fields": {
            "holder": "ESTEBAN RODRIGUEZ",
            "iban": "ES7614656137308238282572",
            "quantity": 12,
            "frequency": "ANUAL",
            "quota_extension_document": "partner_quota\\partner_quota.txt",
            "date":"2023-07-21",
            "partner":1
            }
    },
    {
        "model": "nexong.donation",
        "pk": 2,
        "fields": {
            "holder": "MARIO GOMEZ",
            "iban": "ES5731903988473184326598",
            "quantity": 65,
            "frequency": "MENSUAL",
            "quota_extension_document": "partner_quota\\partner_quota.txt",
            "date":"2022-03-11",
            "partner":2
            }
    },
    {
        "model": "nexong.donation",
        "pk": 3,
        "fields": {
            "holder": "MARCOS ORTIZ",
            "iban": "ES2104872956123218423845",
            "quantity": 98,
            "frequency": "TRIMESTRAL",
            "quota_extension_document": "partner_quota\\partner_quota.txt",
            "date":"2023-11-30",
            "partner":3
            }
    },
    {
        "model": "nexong.donation",
        "pk": 4,
        "fields": {
            "holder": "STEFANIA ANGELINA",
            "iban": "ES7704875667823641839789",
            "quantity": 1045,
            "frequency": "SEMESTRAL",
            "quota_extension_document": "partner_quota\\partner_quota.txt",
            "date":"2024-01-22",
            "partner":4
            }
    },
    {
        "model": "nexong.punctualdonation",
        "pk": 1,
        "fields": {
            "name": "Gabriel",
            "surname" : "Rico",
            "email": "gabrcc@gmail.com",
            "proof_of_payment_document": "proof_of_payment/proof_of_payment.txt",
            "date": "2024-02-12"
            }
    },
    {
        "model": "nexong.punctualdonation",
        "pk": 2,
        "fields": {
            "name": "Antonio",
            "surname" : "Acosta",
            "email": "antacos@gmail.com",
            "proof_of_payment_document": "proof_of_payment/proof_of_payment.txt",
            "date": "2021-12-18"
            }
    },
    {
        "model": "nexong.homeDocument",
        "pk": 1,
        "fields": {
            "title": "balance_cuentas_2023",
            "docType": "BALANCE_CUENTAS",
            "document" : "home_document/home_document.txt",
            "date": "2023-8-24"
            }
    },
    {
        "model": "nexong.volunteer",
        "pk": 1,
        "fields": {
            "academic_formation": "Bachiller",
            "motivation" : "Mi padre me ha animado a ello y estoy interesado en ayudar",
            "status":"ACEPTADO",
            "address": "Rue de Saint-Ghislain 2",
            "postal_code": 33317,
            "enrollment_document" : "volunteer_enrollment\\volunteer_enrollment.txt",
            "registry_sheet": "volunteer_registry\\volunteer_registry.txt",
            "sexual_offenses_document": "volunteer_offenses\\volunteer_offenses.txt",
            "scanned_id": "volunteer_id\\volunteer_id.txt",
            "minor_authorization": "volunteer_minor\\volunteer_minor.txt",
            "scanned_authorizer_id": "volunteer_authorizer\\volunteer_authorizer.txt",
            "birthdate" : "1995-11-22",
            "start_date": "2024-01-23",
            "end_date": null
        }
    },
    {
        "model": "nexong.volunteer",
        "pk": 2,
        "fields": {
            "academic_formation": "Secundaria",
            "motivation" : "Ayudar a niños en riesgo de exclusión",
            "status":"ACEPTADO",
            "address": "Rue de Saint-Ghislain 2",
            "postal_code": 33317,
            "enrollment_document" : "volunteer_enrollment\\volunteer_enrollment.txt",
            "registry_sheet": "volunteer_registry\\volunteer_registry.txt",
            "sexual_offenses_document": "volunteer_offenses\\volunteer_offenses.txt",
            "scanned_id": "volunteer_id\\volunteer_id.txt",
            "minor_authorization": "volunteer_minor\\volunteer_minor.txt",
            "scanned_authorizer_id": "volunteer_authorizer\\volunteer_authorizer.txt",
            "birthdate" : "1942-06-11",
            "start_date": "2020-02-12",
            "end_date": null
        }
    },
    {
        "model": "nexong.volunteer",
        "pk": 3,
        "fields": {
            "academic_formation": "Primaria",
            "motivation" : "Mejorar la situación de los jóvenes locales",
            "status":"ACEPTADO",
            "address": "Martinaise 4",
            "postal_code": 24191,
            "enrollment_document" : "volunteer_enrollment\\volunteer_enrollment.txt",
            "registry_sheet": "volunteer_registry\\volunteer_registry.txt",
            "sexual_offenses_document": "volunteer_offenses\\volunteer_offenses.txt",
            "scanned_id": "volunteer_id\\volunteer_id.txt",
            "minor_authorization": "volunteer_minor\\volunteer_minor.txt",
            "scanned_authorizer_id": "volunteer_authorizer\\volunteer_authorizer.txt",
            "birthdate" : "1973-03-05",
            "start_date": "2017-06-18",
            "end_date": null
        }
    },
    {
        "model": "nexong.volunteer",
        "pk": 4,
        "fields": {
            "academic_formation": "Ninguna",
            "motivation" : "Aportar a mi comunidad mediante la educación",
            "status":"PENDIENTE",
            "address": "Sanara 1",
            "postal_code": 17769,
            "enrollment_document" : "volunteer_enrollment\\volunteer_enrollment.txt",
            "registry_sheet": "volunteer_registry\\volunteer_registry.txt",
            "sexual_offenses_document": "volunteer_offenses\\volunteer_offenses.txt",
            "scanned_id": "volunteer_id\\volunteer_id.txt",
            "minor_authorization": "volunteer_minor\\volunteer_minor.txt",
            "scanned_authorizer_id": "volunteer_authorizer\\volunteer_authorizer.txt",
            "birthdate" : "1988-08-15",
            "start_date": null,
            "end_date": null
        }
    },
    {
        "model": "nexong.volunteer",
        "pk": 5,
        "fields": {
            "academic_formation": "Bachiller",
            "motivation" : "Vivo cerca y creo que puedo colaborar",
            "status":"RECHAZADO",
            "address": "Seol 8",
            "postal_code": 18304,
            "enrollment_document" : "volunteer_enrollment\\volunteer_enrollment.txt",
            "registry_sheet": "volunteer_registry\\volunteer_registry.txt",
            "sexual_offenses_document": "volunteer_offenses\\volunteer_offenses.txt",
            "scanned_id": "volunteer_id\\volunteer_id.txt",
            "minor_authorization": "volunteer_minor\\volunteer_minor.txt",
            "scanned_authorizer_id": "volunteer_authorizer\\volunteer_authorizer.txt",
            "birthdate" : "1971-05-13",
            "start_date": null,
            "end_date": null
        }
    },
    {
        "model": "nexong.volunteer",
        "pk": 6,
        "fields": {
            "academic_formation": "Bachiller",
            "motivation" : "Un familiar trabaja en el voluntariado y me ha convencido",
            "status":"ACEPTADO",
            "address": "Seol 9",
            "postal_code": 18304,
            "enrollment_document" : "volunteer_enrollment\\volunteer_enrollment.txt",
            "registry_sheet": "volunteer_registry\\volunteer_registry.txt",
            "sexual_offenses_document": "volunteer_offenses\\volunteer_offenses.txt",
            "scanned_id": "volunteer_id\\volunteer_id.txt",
            "minor_authorization": "volunteer_minor\\volunteer_minor.txt",
            "scanned_authorizer_id": "volunteer_authorizer\\volunteer_authorizer.txt",
            "birthdate" : "1971-05-13",
            "start_date": "2015-04-08",
            "end_date": "2023-11-12"
        }
    },
    {
        "model": "nexong.volunteer",
        "pk": 7,
        "fields": {
            "academic_formation": "Secundaria",
            "motivation" : "Es importante participar en este sistema para unir a la comunidad",
            "status":"CADUCADO",
            "address": "Jamrock 13",
            "postal_code": 24191,
            "enrollment_document" : "volunteer_enrollment\\volunteer_enrollment.txt",
            "registry_sheet": "volunteer_registry\\volunteer_registry.txt",
            "sexual_offenses_document": "volunteer_offenses\\volunteer_offenses.txt",
            "scanned_id": "volunteer_id\\volunteer_id.txt",
            "minor_authorization": "volunteer_minor\\volunteer_minor.txt",
            "scanned_authorizer_id": "volunteer_authorizer\\volunteer_authorizer.txt",
            "birthdate" : "2000-03-7",
            "start_date": "2019-02-01",
            "end_date": "2024-01-20"
        }
    },
    {
        "model": "nexong.educator",
        "pk": 1,
        "fields": {
            "birthdate": "1965-08-02",
            "description": "Experiencia en educación infantil. Disponible los martes y jueves por la tarde."
        }
    },
    {
        "model": "nexong.educator",
        "pk": 2,
        "fields": {
            "birthdate": "1987-07-30",
            "description": "Experiencia en educación primaria. Disponible los lunes y miércoles por la mañana."
        }
    },
    {
        "model": "nexong.user",
        "pk": 1,
        "fields": {
            "first_name": "Palomino",
            "last_name": "Vergara",
            "username": "Palomino Vergara",
            "id_number" : "57935784A",
            "phone" : 605234354,
            "role": "EDUCADOR",
            "password": "pbkdf2_sha256$720000$ZBJi5MD3v4BJfe4MhVOwmP$7FDA5x713w1KY+5qWlg+YBB2ovpMLGOWr8mh0D284RQ=",
            "email": "palomino@gmail.com",
            "avatar": "user_avatar\\educator_avatar.png",
            "family":null,
            "partner":null,
            "volunteer":null,
            "education_center":null,
            "educator":1
            }
    },
    {
        "model": "nexong.user",
        "pk": 2,
        "fields": {
            "first_name": "Estrella",
            "last_name": "Bonafila",
            "username": "Estrella Bonafila",
            "id_number" : "69899998D",
            "phone" : 644228657,
            "role": "EDUCADOR",
            "password": "pbkdf2_sha256$720000$ZBJi5MD3v4BJfe4MhVOwmP$7FDA5x713w1KY+5qWlg+YBB2ovpMLGOWr8mh0D284RQ=",
            "email": "estrellabo@gmail.com",
            "avatar": "user_avatar\\educator_avatar.png",
            "family":null,
            "partner":null,
            "volunteer":null,
            "education_center":null,
            "educator":2
            }
    },
    {
        "model": "nexong.user",
        "pk": 3,
        "fields": {
            "first_name": "Marco",
            "last_name": "Castilla",
            "username": "Marco Castilla",
            "id_number" : "57925784A",
            "phone" : 605233333,
            "role": "VOLUNTARIO",
            "password": "pbkdf2_sha256$720000$ZBJi5MD3v4BJfe4MhVOwmP$7FDA5x713w1KY+5qWlg+YBB2ovpMLGOWr8mh0D284RQ=",
            "email": "mcast@gmail.com",
            "avatar": "user_avatar\\volunteer_avatar.png",
            "family":null,
            "partner":null,
            "volunteer":1,
            "education_center":null
            }
    },
    {
        "model": "nexong.user",
        "pk": 4,
        "fields": {
            "first_name": "Julen",
            "last_name": "Muñiz",
            "username": "Julen Muñiz",
            "id_number" : "58673211F",
            "phone" : 654938475,
            "role": "VOLUNTARIO",
            "password": "pbkdf2_sha256$720000$ZBJi5MD3v4BJfe4MhVOwmP$7FDA5x713w1KY+5qWlg+YBB2ovpMLGOWr8mh0D284RQ=",
            "email": "julmun@gmail.com",
            "avatar": "user_avatar\\volunteer_avatar.png",
            "family":null,
            "partner":null,
            "volunteer":2,
            "education_center":null,
            "educator":null
            }
    },
    {
        "model": "nexong.user",
        "pk": 5,
        "fields": {
            "first_name": "Javier",
            "last_name": "Sevilla",
            "username": "Javier Sevilla",
            "id_number" : "84756982W",
            "phone" : 699448732,
            "role": "VOLUNTARIO",
            "password": "pbkdf2_sha256$720000$ZBJi5MD3v4BJfe4MhVOwmP$7FDA5x713w1KY+5qWlg+YBB2ovpMLGOWr8mh0D284RQ=",
            "email": "javsev@gmail.com",
            "avatar": "user_avatar\\volunteer_avatar.png",
            "family":null,
            "partner":null,
            "volunteer":3,
            "education_center":null,
            "educator":null
            }
    },
    {
        "model": "nexong.user",
        "pk": 6,
        "fields": {
            "first_name": "Mateo",
            "last_name": "Morcillo",
            "username": "Mateo Morcillo",
            "id_number" : "11660496S",
            "phone" : 699229933,
            "role": "VOLUNTARIO",
            "password": "pbkdf2_sha256$720000$ZBJi5MD3v4BJfe4MhVOwmP$7FDA5x713w1KY+5qWlg+YBB2ovpMLGOWr8mh0D284RQ=",
            "email": "matmor@gmail.com",
            "avatar": "user_avatar\\volunteer_avatar.png",
            "family":null,
            "partner":null,
            "volunteer":4,
            "education_center":null,
            "educator":null
            }
    },
    {
        "model": "nexong.user",
        "pk": 7,
        "fields": {
            "first_name": "Maria",
            "last_name": "Lorente",
            "username": "Maria Lorente",
            "id_number" : "22339846Y",
            "phone" : 600223958,
            "role": "VOLUNTARIO",
            "password": "pbkdf2_sha256$720000$ZBJi5MD3v4BJfe4MhVOwmP$7FDA5x713w1KY+5qWlg+YBB2ovpMLGOWr8mh0D284RQ=",
            "email": "marlor@gmail.com",
            "avatar": "user_avatar\\volunteer_avatar.png",
            "family":null,
            "partner":null,
            "volunteer":5,
            "education_center":null,
            "educator":null
            }
    },
    {
        "model": "nexong.user",
        "pk": 8,
        "fields": {
            "first_name": "Justo",
            "last_name": "Mellado",
            "username": "Justo Mellado",
            "id_number" : "99334485R",
            "phone" : 666992343,
            "role": "VOLUNTARIO",
            "password": "pbkdf2_sha256$720000$ZBJi5MD3v4BJfe4MhVOwmP$7FDA5x713w1KY+5qWlg+YBB2ovpMLGOWr8mh0D284RQ=",
            "email": "justmel@gmail.com",
            "avatar": "user_avatar\\volunteer_avatar.png",
            "family":null,
            "partner":null,
            "volunteer":6,
            "education_center":null,
            "educator":null
            }
    },
    {
        "model": "nexong.user",
        "pk": 9,
        "fields": {
            "first_name": "Milagros",
            "last_name": "Garcia",
            "username": "Milagros Garcia",
            "id_number" : "48576821J",
            "phone" : 622922922,
            "role": "VOLUNTARIO",
            "password": "pbkdf2_sha256$720000$ZBJi5MD3v4BJfe4MhVOwmP$7FDA5x713w1KY+5qWlg+YBB2ovpMLGOWr8mh0D284RQ=",
            "email": "milgar@gmail.com",
            "avatar": "user_avatar\\volunteer_avatar.png",
            "family":null,
            "partner":null,
            "volunteer":7,
            "education_center":null,
            "educator":null
            }
    },
    {
        "model": "nexong.user",
        "pk": 10,
        "fields": {
            "first_name": "Esteban",
            "last_name": "Rodriguez",
            "username": "Esteban Rodriguez",
            "id_number" : "57123784T",
            "phone" : 604893860,
            "role": "SOCIO",
            "password": "pbkdf2_sha256$720000$ZBJi5MD3v4BJfe4MhVOwmP$7FDA5x713w1KY+5qWlg+YBB2ovpMLGOWr8mh0D284RQ=",
            "email": "esteban@gmail.com",
            "avatar": "user_avatar\\partner_avatar.png",
            "family":null,
            "partner":1,
            "volunteer":null,
            "education_center":null,
            "educator":null
            }
    },
    {
        "model": "nexong.user",
        "pk": 11,
        "fields": {
            "first_name": "Mario",
            "last_name": "Gomez",
            "username": "Mario Gomez",
            "id_number" : "29584723P",
            "phone" : 603867312,
            "role": "SOCIO",
            "password": "pbkdf2_sha256$720000$ZBJi5MD3v4BJfe4MhVOwmP$7FDA5x713w1KY+5qWlg+YBB2ovpMLGOWr8mh0D284RQ=",
            "email": "marrr@gmail.com",
            "avatar": "user_avatar\\partner_avatar.png",
            "family":null,
            "partner":2,
            "volunteer":null,
            "education_center":null,
            "educator":null
            }
    },
    {
        "model": "nexong.user",
        "pk": 12,
        "fields": {
            "first_name": "Marcos",
            "last_name": "Ortiz",
            "username": "Marcos Ortiz",
            "id_number" : "98399384L",
            "phone" : 63212452,
            "role": "SOCIO",
            "password": "pbkdf2_sha256$720000$ZBJi5MD3v4BJfe4MhVOwmP$7FDA5x713w1KY+5qWlg+YBB2ovpMLGOWr8mh0D284RQ=",
            "email": "marcosot@gmail.com",
            "avatar": "user_avatar\\partner_avatar.png",
            "family":null,
            "partner":3,
            "volunteer":null,
            "education_center":null,
            "educator":null
            }
    },
    {
        "model": "nexong.user",
        "pk": 13,
        "fields": {
            "first_name": "Stefania",
            "last_name": "Angelina",
            "username": "Stefania Angelina",
            "id_number" : "94838877S",
            "phone" : 690847362,
            "role": "SOCIO",
            "password": "pbkdf2_sha256$720000$ZBJi5MD3v4BJfe4MhVOwmP$7FDA5x713w1KY+5qWlg+YBB2ovpMLGOWr8mh0D284RQ=",
            "email": "stegg@gmail.com",
            "avatar": "user_avatar\\partner_avatar.png",
            "family":null,
            "partner":4,
            "volunteer":null,
            "education_center":null,
            "educator":null
            }
    },
    {
        "model": "nexong.user",
        "pk": 14,
        "fields": {
            "first_name": "Anna",
            "last_name": "Enriquez",
            "username": "Anna Enriquez",
            "id_number" : "85933958G",
            "phone" : 596748302,
            "role": "FAMILIA",
            "password": "pbkdf2_sha256$720000$ZBJi5MD3v4BJfe4MhVOwmP$7FDA5x713w1KY+5qWlg+YBB2ovpMLGOWr8mh0D284RQ=",
            "email": "annanna@gmail.com",
            "avatar": "user_avatar\\family_avatar.png",
            "family":1,
            "partner":null,
            "volunteer":null,
            "education_center":null,
            "educator":null
            }
    },
    {
        "model": "nexong.user",
        "pk": 15,
        "fields": {
            "first_name": "Luciano",
            "last_name": "Gomez",
            "username": "Luciano Gomez",
            "id_number" : "19993875L",
            "phone" : 99332763,
            "role": "FAMILIA",
            "password": "pbkdf2_sha256$720000$ZBJi5MD3v4BJfe4MhVOwmP$7FDA5x713w1KY+5qWlg+YBB2ovpMLGOWr8mh0D284RQ=",
            "email": "lucgo@gmail.com",
            "avatar": "user_avatar\\family_avatar.png",
            "family":2,
            "partner":null,
            "volunteer":null,
            "education_center":null,
            "educator":null
            }
    },
    {
        "model": "nexong.user",
        "pk": 16,
        "fields": {
            "first_name": "Cecilio",
            "last_name": "Fernandez",
            "username": "Cecilio Fernandez",
            "id_number" : "43434325B",
            "phone" : 667695958,
            "role": "FAMILIA",
            "password": "pbkdf2_sha256$720000$ZBJi5MD3v4BJfe4MhVOwmP$7FDA5x713w1KY+5qWlg+YBB2ovpMLGOWr8mh0D284RQ=",
            "email": "cecfer@gmail.com",
            "avatar": "user_avatar\\family_avatar.png",
            "family":3,
            "partner":null,
            "volunteer":null,
            "education_center":null,
            "educator":null
            }
    },
    {
        "model": "nexong.user",
        "pk": 17,
        "fields": {
            "first_name": "Pedro",
            "last_name": "Moreno",
            "username": "Pedro Moreno",
            "id_number" : "85922339G",
            "phone" : 688899953,
            "role": "FAMILIA",
            "password": "pbkdf2_sha256$720000$ZBJi5MD3v4BJfe4MhVOwmP$7FDA5x713w1KY+5qWlg+YBB2ovpMLGOWr8mh0D284RQ=",
            "email": "pedmon@gmail.com",
            "avatar": "user_avatar\\family_avatar.png",
            "family":4,
            "partner":null,
            "volunteer":null,
            "education_center":null,
            "educator":null
            }
    },
    {
        "model": "nexong.user",
        "pk": 18,
        "fields": {
            "first_name": "Centro Educativo",
            "last_name": "Doctrina",
            "username": "Centro Educativo Doctrina",
            "id_number" : "94862395P",
            "phone" : 699256707,
            "role": "CENTRO EDUCATIVO",
            "password": "pbkdf2_sha256$720000$ZBJi5MD3v4BJfe4MhVOwmP$7FDA5x713w1KY+5qWlg+YBB2ovpMLGOWr8mh0D284RQ=",
            "email": "centro1@gmail.com",
            "avatar": "user_avatar\\center_avatar.png",
            "family":null,
            "partner":null,
            "volunteer":null,
            "education_center":1,
            "educator":null
            }
    },
    {
        "model": "nexong.user",
        "pk": 19,
        "fields": {
            "first_name": "Centro Educativo",
            "last_name": "Claret",
            "username": "Centro Educativo Claret",
            "id_number" : "21214509L",
            "phone" : 633933955,
            "role": "CENTRO EDUCATIVO",
            "password": "pbkdf2_sha256$720000$ZBJi5MD3v4BJfe4MhVOwmP$7FDA5x713w1KY+5qWlg+YBB2ovpMLGOWr8mh0D284RQ=",
            "email": "centro2@gmail.com",
            "avatar": "user_avatar\\center_avatar.png",
            "family":null,
            "partner":null,
            "volunteer":null,
            "education_center":2,
            "educator":null
            }
    },
    {
        "model": "nexong.suggestion",
        "pk": 1,
        "fields": {
            "subject": "Sugerencia positiva",
            "description" : "Me gusta este sistema tan bien hecho, hablaré de esta organización a todos mis amigos.",
            "date":"2024-02-16",
            "email":"contento@gmail.com"
            }
    },
    {
        "model": "nexong.suggestion",
        "pk": 2,
        "fields": {
            "subject": "Sugerencia negativa",
            "description" : "No me gusta este sistema, en general me parece muy mal organizado.",
            "date":"2023-1-1",
            "email":"descontento@gmail.com"
            }
    },
    {
        "model": "nexong.meeting",
        "pk": 1,
        "fields": {
            "name": "Reunión IA",
            "description": "Se tiene que discutir como se van a usar las inteligencias artificiales. Solo deben venir los que aportan cada año o seis meses.",
            "date": "2024-02-16",
            "time": "17:50-00:00"
        }
    },
    {
        "model": "nexong.meeting",
        "pk": 2,
        "fields": {
            "name": "Reunión general",
            "description": "Todos los socios deben venir. Se discutirá el uso de los ingresos de las donaciones puntuales.",
            "date": "2024-06-23",
            "time": "03:34-00:00"
        }
    },
    {
        "model": "nexong.meeting_attendees",
        "pk": 1,
        "fields": {
            "partner": 1,
            "meeting": 1
        }
    },
    {
        "model": "nexong.meeting_attendees",
        "pk": 2,
        "fields": {
            "partner": 2,
            "meeting": 1
        }
    },
    {
        "model": "nexong.meeting_attendees",
        "pk": 3,
        "fields": {
            "partner": 1,
            "meeting": 2
        }
    },
    {
        "model": "nexong.meeting_attendees",
        "pk": 4,
        "fields": {
            "partner": 2,
            "meeting": 2
        }
    },
    {
        "model": "nexong.meeting_attendees",
        "pk": 5,
        "fields": {
            "partner": 3,
            "meeting": 2
        }
    },
    {
        "model": "nexong.meeting_attendees",
        "pk": 6,
        "fields": {
            "partner": 4,
            "meeting": 2
        }
    },
    {
        "model": "nexong.lesson",
        "pk": 1,
        "fields": {
            "name": "PRIMER CICLO 1",
            "description": "Módulo I, segunda planta",
            "capacity": 4,
            "is_morning_lesson": true,
            "educator": 2,
            "start_date": "2024-01-28",
            "end_date": "2024-05-28"
        }
    },
    {
        "model": "nexong.lesson",
        "pk": 2,
        "fields": {
            "name": "JÓVENES CON HORIZONTE",
            "description": "Preguntad en recepción para conocer los objetivos semanales del grupo",
            "capacity": 40,
            "is_morning_lesson": false,
            "educator": 1,
            "start_date": "2024-01-25",
            "end_date": "2024-05-25"
        }
    },
    {
        "model": "nexong.lesson",
        "pk": 3,
        "fields": {
            "name": "INFANTIL",
            "description": "Para estudiantes de entre 3 y 5 años",
            "capacity": 10,
            "is_morning_lesson": true,
            "educator": 1,
            "start_date": "2024-01-13",
            "end_date": "2024-06-2"
        }
    },
    {
        "model": "nexong.lesson",
        "pk": 4,
        "fields": {
            "name": "MANOS ABIERTAS JOVEN",
            "description": "Disponible para un amplio rango de edades",
            "capacity": 50,
            "is_morning_lesson": true,
            "educator": 2,
            "start_date": "2024-01-02",
            "end_date": "2024-08-23"
        }
    },
    {
        "model": "nexong.lesson_students",
        "pk": 1,
        "fields": {
            "lesson": 3,
            "student": 1
        }
    },
    {
        "model": "nexong.lesson_students",
        "pk": 2,
        "fields": {
            "lesson": 2,
            "student": 2
        }
    },
    {
        "model": "nexong.lesson_students",
        "pk": 3,
        "fields": {
            "lesson": 3,
            "student": 3
        }
    },
    {
        "model": "nexong.lesson_students",
        "pk": 4,
        "fields": {
            "lesson": 1,
            "student": 4
        }
    },
    {
        "model": "nexong.lesson_students",
        "pk": 5,
        "fields": {
            "lesson": 1,
            "student": 5
        }
    },
    {
        "model": "nexong.lesson_students",
        "pk": 6,
        "fields": {
            "lesson": 3,
            "student": 6
        }
    },
    {
        "model": "nexong.lesson_students",
        "pk": 7,
        "fields": {
            "lesson": 2,
            "student": 7
        }
    },
    {
        "model": "nexong.lesson_students",
        "pk": 8,
        "fields": {
            "lesson": 2,
            "student": 8
        }
    },
    {
        "model": "nexong.lesson_students",
        "pk": 9,
        "fields": {
            "lesson": 4,
            "student": 1
        }
    },
    {
        "model": "nexong.lesson_students",
        "pk": 11,
        "fields": {
            "lesson": 4,
            "student": 2
        }
    },
    {
        "model": "nexong.lesson_students",
        "pk": 12,
        "fields": {
            "lesson": 4,
            "student": 6
        }
    },
    {
        "model": "nexong.lesson_students",
        "pk": 13,
        "fields": {
            "lesson": 4,
            "student": 7
        }
    },
    {
        "model": "nexong.lesson_students",
        "pk": 14,
        "fields": {
            "lesson": 4,
            "student": 8
        }
    },
    {
        "model": "nexong.lesson_students",
        "pk": 15,
        "fields": {
            "lesson": 4,
            "student": 3
        }
    },
    {
        "model": "nexong.schedule",
        "pk": 1,
        "fields" : {
            "weekday":"LUNES",
            "start_time":"12:00:00",
            "end_time":"13:30:00",
            "lesson":1
            }
    },
    {
        "model": "nexong.schedule",
        "pk": 2,
        "fields" : {
            "weekday":"JUEVES",
            "start_time":"10:00:00",
            "end_time":"11:30:00",
            "lesson":1
            }
    },
    {
        "model": "nexong.schedule",
        "pk": 3,
        "fields" : {
            "weekday":"MARTES",
            "start_time":"16:30:00",
            "end_time":"18:30:00",
            "lesson":2
            }
    },
    {
        "model": "nexong.schedule",
        "pk": 4,
        "fields" : {
            "weekday":"MIERCOLES",
            "start_time":"9:00:00",
            "end_time":"13:00:00",
            "lesson":3
            }
    },
    {
        "model": "nexong.schedule",
        "pk": 5,
        "fields" : {
            "weekday":"SABADO",
            "start_time":"11:00:00",
            "end_time":"16:00:00",
            "lesson":4
            }
    },
    {
        "model": "nexong.evaluationtype",
        "pk": 1,
        "fields" : {
            "name":"Nota Computadores",
            "description":"Nota final para el grupo de primer ciclo",
            "evaluation_type":"ANUAL",
            "grade_system":"CERO A UNO",
            "lesson":1
            }
    },
    {
        "model": "nexong.evaluationtype",
        "pk": 2,
        "fields" : {
            "name":"Asistencia diaria",
            "description":null,
            "evaluation_type":"DIARIO",
            "grade_system":"CERO A UNO",
            "lesson":2
            }
    },
    {
        "model": "nexong.studentevaluation",
        "pk": 1,
        "fields": {
            "grade": 8.5,
            "date": "2024-02-17",
            "comment": "Muy bien",
            "evaluation_type": 1,
            "student": 4
        }
    },
    {
        "model": "nexong.studentevaluation",
        "pk": 2,
        "fields": {
            "grade": 0.4,
            "date": "2024-02-17",
            "comment": "No presta suficiente atención cuando asiste",
            "evaluation_type": 1,
            "student": 5
        }
    },
    {
        "model": "nexong.studentevaluation",
        "pk": 3,
        "fields": {
            "grade": 1,
            "date": "2024-02-16",
            "comment": null,
            "evaluation_type": 2,
            "student": 2
        }
    },
    {
        "model": "nexong.studentevaluation",
        "pk": 4,
        "fields": {
            "grade": 1,
            "date": "2024-02-16",
            "comment": null,
            "evaluation_type": 2,
            "student": 7
        }
    },
    {
        "model": "nexong.studentevaluation",
        "pk": 5,
        "fields": {
            "grade": 0,
            "date": "2024-02-16",
            "comment": "Don Moreno vino y trajo una justificación médica",
            "evaluation_type": 2,
            "student": 8
        }
    },
    {
        "model": "nexong.lessonattendance",
        "pk": 1,
        "fields": {
            "date": "2024-02-16",
            "lesson": 2,
            "volunteer": 1
        }
    },
    {
        "model": "nexong.lessonevent",
        "pk": 1,
        "fields": {
            "name": "Excursión a La Giralda",
            "description": "Vamos al centro a ver La Giralda",
            "place": "Centro Sevilla",
            "price": 25,
            "max_volunteers": 10,
            "start_date": "2024-04-18 12:00-00:00",
            "end_date": "2024-04-18 18:00-00:00",
            "lesson": 1
        }
    },
    {
        "model": "nexong.lessonevent",
        "pk": 2,
        "fields": {
            "name": "Campamento en León",
            "description": "Vamos a Acebedo",
            "place": "Arahal",
            "price": 0,
            "max_volunteers": 3,
            "start_date": "2024-02-16 12:00-00:00",
            "end_date": "2024-02-16 13:00-00:00",
            "lesson": 2
        }
    },
    {
        "model": "nexong.lessonevent",
        "pk": 3,
        "fields": {
            "name": "Leer en la biblioteca",
            "description": "Visitamos una biblioteca",
            "place": "Biblioteca Jacinto Benavente",
            "price": 2,
            "max_volunteers": 0,
            "start_date": "2024-02-27 13:00-00:00",
            "end_date": "2024-02-27 13:10-00:00",
            "lesson": 2
        }
    },
    {
        "model": "nexong.lessonevent_attendees",
        "pk": 1,
        "fields": {
            "lessonevent": 1,
            "student": 4
        }
    },
    {
        "model": "nexong.lessonevent_attendees",
        "pk": 2,
        "fields": {
            "lessonevent": 1,
            "student": 5
        }
    },
    {
        "model": "nexong.lessonevent_attendees",
        "pk": 3,
        "fields": {
            "lessonevent": 2,
            "student": 2
        }
    },
    {
        "model": "nexong.lessonevent_attendees",
        "pk": 4,
        "fields": {
            "lessonevent": 2,
            "student": 7
        }
    },
    {
        "model": "nexong.lessonevent_educators",
        "pk": 1,
        "fields": {
            "lessonevent": 2,
            "educator": 1
        }
    },
    {
        "model": "nexong.lessonevent_educators",
        "pk": 2,
        "fields": {
            "lessonevent": 1,
            "educator": 2
        }
    },
    {
        "model": "nexong.lessonevent_educators",
        "pk": 3,
        "fields": {
            "lessonevent": 3,
            "educator": 1
        }
    },
    {
        "model": "nexong.lessonevent_volunteers",
        "pk": 1,
        "fields": {
            "lessonevent": 2,
            "volunteer": 1
        }
    },
    {
        "model": "nexong.lessonevent_volunteers",
        "pk": 2,
        "fields": {
            "lessonevent": 1,
            "volunteer": 3
        }
    },
    {
        "model": "nexong.event",
        "pk": 1,
        "fields": {
            "name": "Vienen los lunnis",
            "description": "Se necesitan 3 voluntarios para hacer de Lucho",
            "place": "Jardín principal",
            "max_volunteers": 3,
            "max_attendees": 20,
            "price": 5,
            "start_date": "2024-06-12 06:00-00:00",
            "end_date": "2024-06-12 11:00-00:00"
        }
    },
    {
        "model": "nexong.event",
        "pk": 2,
        "fields": {
            "name": "Celebración día de Andalucía",
            "description": "El Día de Andalucía se celebra el 28 de febrero y conmemora el día de la celebración del referéndum sobre la iniciativa del proceso autonómico de Andalucía del año 1980 que dio autonomía plena a la comunidad andaluza. El referéndum del 28 de febrero vino tras las grandes manifestaciones autonomistas del 4 de diciembre de 1977.",
            "place": "Plaza de España",
            "max_volunteers": 30,
            "max_attendees": 200,
            "price": 0,
            "start_date": "2024-02-28 12:00-00:00",
            "end_date": "2024-02-28 18:00-00:00"
        }
    },
    {
        "model": "nexong.event_attendees",
        "pk": 1,
        "fields": {
            "event": 1,
            "student": 4
        }
    },
    {
        "model": "nexong.event_attendees",
        "pk": 2,
        "fields": {
            "event": 1,
            "student": 5
        }
    },
    {
        "model": "nexong.event_attendees",
        "pk": 3,
        "fields": {
            "event": 1,
            "student": 3
        }
    },
    {
        "model": "nexong.event_attendees",
        "pk": 4,
        "fields": {
            "event": 2,
            "student": 3
        }
    },
    {
        "model": "nexong.event_attendees",
        "pk": 5,
        "fields": {
            "event": 2,
            "student": 4
        }
    },
    {
        "model": "nexong.event_volunteers",
        "pk": 1,
        "fields": {
            "event": 2,
            "volunteer": 2
        }
    },
    {
        "model": "nexong.centerexitauthorization",
        "pk": 1,
        "fields": {
            "authorization": "centerexit_authorization\\centerexit_authorization.txt",
            "student" : 4,
            "is_authorized": true,
            "lesson_event": 1
        }
    },
    {
        "model": "nexong.centerexitauthorization",
        "pk": 2,
        "fields": {
            "authorization": "centerexit_authorization\\centerexit_authorization.txt",
            "student" : 5,
            "is_authorized": false,
            "lesson_event": 1
        }
    },
    {
        "model": "nexong.centerexitauthorization",
        "pk": 3,
        "fields": {
            "authorization": "centerexit_authorization\\centerexit_authorization.txt",
            "student" : 2,
            "is_authorized": true,
            "lesson_event": 2
        }
    },
    {
        "model": "nexong.centerexitauthorization",
        "pk": 4,
        "fields": {
            "authorization": "centerexit_authorization\\centerexit_authorization.txt",
            "student" : 7,
            "is_authorized": true,
            "lesson_event": 2
        }
    }
]